{
  "output_dir": "/home/rimelq/Desktop/EPFL/0COURS/MA3/Semester project/Code_Dataset_Final/Temperature/MixedColorBlack_Model/calibration_out1",
  "use_features": [
    "L",
    "a",
    "b",
    "gray"
  ],
  "frames_per_temp": 5,
  "poly_degree_candidates": [
    1,
    2,
    3
  ],
  "auto_select_degree": true,
  "huber": {
    "epsilon": 1.2,
    "alpha": 0.0001,
    "max_iter": 10000
  },
  "training_mode": "pixel_samples",
  "pixel_sampling": {
    "enabled": true,
    "pixels_per_image": 4000,
    "max_total_pixel_samples": 1500000,
    "exclude_saturated_pixels": true,
    "sat_thresh_gray": 245,
    "random_seed": 0
  },
  "models_final": {
    "heating": {
      "degree": 1,
      "equation": "T =\n  19.280082 + (19.280062)*1 + (27.492858)*L + (5.0211744)*a + (1.0514161)*b + (-16.596972)*gray",
      "metrics_frames": {
        "n": 180,
        "rmse_C": 3.064305308739726,
        "mae_C": 1.7110364564765492,
        "r2": 0.9488207701883214,
        "max_abs_err_C": 12.02670517758753,
        "p95_abs_err_C": 8.300710211031895
      },
      "metrics_means": {
        "n": 36,
        "rmse_C": 3.063987076237912,
        "mae_C": 1.70975457519046,
        "r2": 0.9488313997092042,
        "max_abs_err_C": 12.003450307926244,
        "p95_abs_err_C": 7.318420666767402
      }
    },
    "cooling": {
      "degree": 2,
      "equation": "T =\n  18.078648 + (18.078223)*1 + (16.67392)*L + (2.6623089)*a + (-0.78947611)*b + (-7.082836)*gray + (-25.217161)*L^2\n  (-23.559426)*L*a + (19.890613)*L*b + (0.40273462)*L*gray + (0.0041977641)*a^2 + (0.52450057)*a*b + (25.243333)*a*gray\n  (0.13515792)*b^2 + (-20.48155)*b*gray + (26.401713)*gray^2",
      "metrics_frames": {
        "n": 180,
        "rmse_C": 2.8286758067222837,
        "mae_C": 1.8519696441597568,
        "r2": 0.9563890014378055,
        "max_abs_err_C": 10.399845399412882,
        "p95_abs_err_C": 7.25713705518546
      },
      "metrics_means": {
        "n": 36,
        "rmse_C": 2.7803101712197087,
        "mae_C": 1.8019758297944166,
        "r2": 0.9578676022203241,
        "max_abs_err_C": 10.381351247669151,
        "p95_abs_err_C": 4.619167946572594
      }
    },
    "global": {
      "degree": 3,
      "equation": "T =\n  17.597937 + (17.59753)*1 + (45.091062)*L + (1.1637504)*a + (0.55725989)*b + (-36.119964)*gray + (10.036862)*L^2\n  (11.3199)*L*a + (0.27752597)*L*b + (1.5114454)*L*gray + (0.77557779)*a^2 + (-0.25335718)*a*b + (-8.6103578)*a*gray\n  (0.25685914)*b^2 + (-0.90476708)*b*gray + (-8.7727634)*gray^2 + (-0.006049401)*L^3 + (-0.67782033)*L^2*a\n  (9.3702651)*L^2*b + (-1.3843698)*L^2*gray + (-10.097261)*L*a^2 + (8.4696894)*L*a*b + (0.33229855)*L*a*gray\n  (-2.0422847)*L*b^2 + (-0.74742273)*L*b*gray + (-0.25279791)*L*gray^2 + (-0.51770604)*a^3 + (0.40586532)*a^2*b\n  (10.58245)*a^2*gray + (0.14515612)*a*b^2 + (-8.6049604)*a*b*gray + (1.8408661)*a*gray^2 + (0.0050798015)*b^3\n  (2.3334389)*b^2*gray + (-10.283551)*b*gray^2 + (2.9767837)*gray^3",
      "metrics_frames": {
        "n": 360,
        "rmse_C": 2.691256814337418,
        "mae_C": 1.8312545627001804,
        "r2": 0.9605233797629321,
        "max_abs_err_C": 10.100036377922947,
        "p95_abs_err_C": 6.39015811324092
      },
      "metrics_means": {
        "n": 36,
        "rmse_C": 1.9264693998705813,
        "mae_C": 1.0930120123821077,
        "r2": 0.9797719551020503,
        "max_abs_err_C": 7.463143231043148,
        "p95_abs_err_C": 4.602396019681663
      }
    }
  }
}