{
  "reference_path": "./Force/FINAL_reference.jpg",
  "deformed_path": "./Force/Final_demos/FFFFF_deformed.jpg",
  "output_dir": "./Force/force_sensor_out",
  "ftp_output_dir": "./Force/force_sensor_out/ftp_run",
  "grating_pitch_mm": 2.0,
  "depth_eps_mm": 0.01,
  "estimated_grating_period_px": 65.83619546657023,
  "mm_per_px": 0.030378426119953176,
  "volume_cm3": 0.15452928236587474,
  "contact_area_mm2": 271.75127834004024,
  "max_depth_mm": 1.5117931365966797,
  "force_N": 5.695553435044693,
  "force_model": {
    "type": "growth",
    "params": {
      "a": 1.6197727931063521,
      "b": 9.756634595755994
    },
    "equation": "F = 1.61977 * (exp(9.75663 * V) - 1)",
    "rmse": 6.962172475750385,
    "r2": 0.7744899927812314
  }
}